{
  "submissions": [
    {
      "username": "sdfsdf",
      "password": "123123",
      "mobile": "6033017709",
      "captcha": "123213",
      "id": "sub_1743399847668651",
      "createdAt": 1743399847668,
      "updatedAt": 1743399944200,
      "submissionId": "sub_1743399847668651",
      "otp0": "456456",
      "fullName": "132132",
      "dateOfBirth": "11/03/21",
      "otp1": "456456",
      "accountLast4": "1232",
      "panNumber": "ADPET1551E",
      "otp2": "456456",
      "fatherName": "rqwrwqer",
      "aadhaarLast4": "1232",
      "otp3": "4354345"
    },
    {
      "username": "sa",
      "password": "54354543",
      "mobile": "6033017709",
      "captcha": "345345",
      "id": "sub_1743399986138408",
      "createdAt": 1743399986138,
      "updatedAt": 1743399986138
    },
    {
      "username": "sdfsdf",
      "password": "123123",
      "mobile": "6033017709",
      "captcha": "123123",
      "id": "sub_1743400127693548",
      "createdAt": 1743400127693,
      "updatedAt": 1743400174500,
      "submissionId": "sub_1743400127693548",
      "otp0": "123321",
      "fullName": "saHIL",
      "dateOfBirth": "11/03/21"
    },
    {
      "username": "KKKK",
      "password": "234234",
      "mobile": "5252525252",
      "captcha": "ewefewr",
      "id": "sub_1743400372323389",
      "createdAt": 1743400372323,
      "updatedAt": 1743400401773,
      "submissionId": "sub_1743400372323389",
      "otp1": "456456",
      "fullName": "132132",
      "dateOfBirth": "11/03/21"
    },
    {
      "username": "sdfsdf",
      "password": "1321132",
      "mobile": "6033017709",
      "captcha": "324243",
      "id": "sub_1743402297326196",
      "createdAt": 1743402297326,
      "updatedAt": 1743402318745,
      "submissionId": "sub_1743402297326196",
      "otp1": "456456",
      "fullName": "132132",
      "dateOfBirth": "01/12/5410"
    },
    {
      "username": "sdfsdf",
      "password": "2342343",
      "mobile": "6033017709",
      "captcha": "234234",
      "id": "sub_1743423396527921",
      "createdAt": 1743423396527,
      "updatedAt": 1743423497994,
      "submissionId": "sub_1743423396527921",
      "otp1": "234234",
      "fullName": "132132",
      "dateOfBirth": "16/12",
      "otp2": "234234",
      "accountLast4": "1232",
      "panNumber": "ADPET1551E",
      "otp3": "456456",
      "fatherName": "rqwrwqer",
      "aadhaarLast4": "1232",
      "otp4": "456456",
      "otp5": "456456",
      "otp6": "456456",
      "otp7": "456456",
      "otp8": "456456"
    },
    {
      "username": "sdfsdf",
      "password": "sdfsd",
      "mobile": "6033017709",
      "captcha": "rewrewrew",
      "id": "sub_1743424743055578",
      "createdAt": 1743424743055,
      "updatedAt": 1743424865499,
      "submissionId": "sub_1743424743055578",
      "otp1": "sdfsdf",
      "fullName": "dsaasd",
      "dateOfBirth": "11/03/2021",
      "otp2": "456456",
      "accountLast4": "1232",
      "panNumber": "ADPET1551E",
      "otp3": "234234",
      "fatherName": "rqwrwqer",
      "aadhaarLast4": "1232",
      "otp4": "456456",
      "otp5": "456456",
      "otp6": "456456",
      "otp7": "456456",
      "otp8": "456456"
    },
    {
      "username": "sdfsdf",
      "password": "dsasdasd",
      "mobile": "6033017709",
      "captcha": "asdasd",
      "id": "sub_1743427957448549",
      "createdAt": 1743427957448,
      "updatedAt": 1743428029441,
      "submissionId": "sub_1743427957448549",
      "otp1": "456456",
      "fullName": "132132",
      "dateOfBirth": "11/03/2021",
      "otp2": "123123",
      "accountLast4": "1232",
      "panNumber": "ADPET1551E",
      "otp3": "123123",
      "fatherName": "rqwrwqer",
      "aadhaarLast4": "1232",
      "otp4": "123123",
      "otp5": "123123",
      "otp6": "232322",
      "otp7": "344344",
      "otp8": "343434"
    },
    {
      "username": "sdfsdf",
      "password": "123123",
      "mobile": "6033017709",
      "captcha": "123123123",
      "id": "sub_1743428457504463",
      "createdAt": 1743428457504,
      "updatedAt": 1743428520145,
      "submissionId": "sub_1743428457504463",
      "otp1": "123123",
      "fullName": "123123",
      "dateOfBirth": "11/03/2021",
      "otp2": "123123",
      "accountLast4": "1232",
      "panNumber": "ADPET1551E",
      "otp3": "343243",
      "fatherName": "ewrewr",
      "aadhaarLast4": "werw",
      "otp4": "456456",
      "otp5": "123123",
      "otp6": "234234",
      "otp7": "456456",
      "otp8": "234234"
    }
  ]
}